INSERT INTO Location (Address, Street, City, Province, Postal_code)
VALUES ('2447', 'Paradise Lane', 'Montreal', 'QC', 'H1M 3D2'),
       ('1795', 'Duck Creek Road', 'Laval', 'QC', 'R5K M0O'),
       ('3910', 'Loving Acres Road', 'Longueil', 'QC', 'QW2 RT4'),
       ('4082', 'Valley View Drive', 'Montreal', 'QC', 'S2B E11'),
       ('3925', 'Shearwood Forest Drive', 'Laval', 'QC', 'BE1 45U'),
       ('3281', 'Garrett Street', 'Longueil', 'QC', 'T7U 0Q1'),
       ('4946', 'Nickel Road', 'Montreal', 'QC', 'U7O 8PX'),
       ('1138', 'Cemetery Street', 'Laval', 'QC', 'QVH 8OL'),
       ('2382', 'Rebecca Street', 'Longueil', 'QC', 'Z7M 6H6'),
       ('825', 'Kenwood Place', 'Montreal', 'QC', 'K9L 6H3'),
       ('999', 'Kenny Street', 'Ottawa', 'ON', 'PP1 ZX1'),
       ('6612', 'Master Place', 'Winnipeg', 'MB', '0J3 CVB'),
       ('9172', 'Moulet Place', 'Edmonton', 'AB', 'B60 JRT'),
       ('4545', 'Ave Pierre-de-Coubertin', 'Montreal-Est', 'QC', 'H1V 0B2'),
       ('5300', 'boul. Robert, Saint-Léonard', 'Montreal-Est', 'QC', 'H1R 1P9'),
       ('8000', 'Avenue Blaise-Pascal, Montreal', 'Montreal-Est', 'QC', 'H1E 2S7'),
       ('8333', '2e Avenue', 'Montreal-Est', 'QC', 'H1Z 4N9'),
       ('58', 'av. Maywood, Pointe-Claire', 'Montreal-Ouest', 'QC', 'H9R 0A7'),
       ('12001', 'boul. De Salaberry, Dollard-des-Ormeaux', 'Montreal-Ouest', 'QC', 'H9B 2A7'),
       ('707', '75e avenue, LaSalle', 'Montreal-Ouest', 'QC', 'H8R 3Y2'),
       ('9665', 'boul. Gouin Ouest', 'Montreal-Ouest', 'QC', 'H8Y 1R4'),
       ('1001', 'place Jean-Paul Riopelle', 'Montreal-Sud', 'QC', 'H2Z 1H5'),
       ('1705', 'De la Visitation street', 'Montreal-Sud', 'QC', 'H2L 3C3'),
       ('2115', 'rue du Centre', 'Montreal-Sud', 'QC', 'H3K 1J5'),
       ('4988', 'Vézina street', 'Montreal-Centre-Ouest', 'QC', 'H3W 1C1'),
       ('1375', 'Thérèse-Lavoie-Roux ave', 'Montreal-Centre-Ouest', 'QC', 'H2V 0B3'),
       ('800', 'Boul Henri-Bourassa O', 'Montreal-Nord', 'QC', 'H3L 1P5'),
       ('11201', 'blvd. Lacordaire', 'Montreal-Nord', 'QC', 'H1G 4J7'),
       ('7355', 'av. Christophe-Colomb', 'Montreal-Nord', 'QC', 'H2R 2S5'),
       ('300', 'Avenue Sainte-Croix', 'Montreal-Nord', 'QC', 'H4N 3K4'),
       ('8585', 'chemin Côte-de-Liesse', 'Montreal-Nord', 'QC', 'H4T 1G6'),
       ('123', 'Violet street', 'Ottawa', 'ON', 'X1G G32'),
       ('4', 'Lemon street', 'Winnipeg', 'MB', 'KD0 93K'),
       ('192', 'Dawson street', 'Edmonton', 'AB', 'C7N VA1'),
       ('1', 'Paradise Lane', 'Montreal', 'QC', 'H1M 3D2'),
       ('2', 'Paradise Lane', 'Montreal', 'QC', 'H1M 3D2'),
       ('3', 'Paradise Lane', 'Montreal', 'QC', 'H1M 3D2'),
       ('4', 'Paradise Lane', 'Montreal', 'QC', 'H1M 3D2'),
       ('5', 'Paradise Lane', 'Montreal', 'QC', 'H1M 3D2'),
       ('6', 'Paradise Lane', 'Montreal', 'QC', 'H1M 3D2'),
       ('7', 'Paradise Lane', 'Montreal', 'QC', 'H1M 3D2'),
       ('8', 'Paradise Lane', 'Montreal', 'QC', 'H1M 3D2'),
       ('9', 'Paradise Lane', 'Montreal', 'QC', 'H1M 3D2'),
       ('10', 'Paradise Lane', 'Montreal', 'QC', 'H1M 3D2'),
       ('11', 'Paradise Lane', 'Montreal', 'QC', 'H1M 3D2'),
       ('12', 'Paradise Lane', 'Montreal', 'QC', 'H1M 3D2'),
       ('13', 'Paradise Lane', 'Montreal', 'QC', 'H1M 3D2'),
       ('14', 'Paradise Lane', 'Montreal', 'QC', 'H1M 3D2'),
       ('15', 'Paradise Lane', 'Montreal', 'QC', 'H1M 3D2'),
       ('16', 'Paradise Lane', 'Montreal', 'QC', 'H1M 3D2'),
       ('17', 'Paradise Lane', 'Montreal', 'QC', 'H1M 3D2'),
       ('18', 'Paradise Lane', 'Montreal', 'QC', 'H1M 3D2'),
       ('19', 'Paradise Lane', 'Montreal', 'QC', 'H1M 3D2'),
       ('20', 'Paradise Lane', 'Montreal', 'QC', 'H1M 3D2'),
       ('21', 'Paradise Lane', 'Montreal', 'QC', 'H1M 3D2'),
       ('22', 'Paradise Lane', 'Montreal', 'QC', 'H1M 3D2'),
       ('23', 'Paradise Lane', 'Montreal', 'QC', 'H1M 3D2'),
       ('24', 'Paradise Lane', 'Montreal', 'QC', 'H1M 3D2'),
       ('2447', 'Ottawa Lane', 'Ottawa', 'ON', 'XAX 23D'),
       ('2447', 'Winnipeg Lane', 'Winnipeg', 'MB', 'KO7 48H'),
       ('2447', 'Edmonton Lane', 'Edmonton', 'AB', 'S3H JR1');

-- insert person identification
INSERT INTO Person (First_name, Last_name, Date_of_birth, Medical_card_number, Phone_number, Citizenship, Email_address,
                    Infected_in_past, SSN, Passport_number)
VALUES ('Robert', 'J McAnally', '2009-7-9', 'aKXWd7nRui', '9096273613', 'Canadian', 'rickie1971@yahoo.com', 1,
        342662466, 93037572),
       ('Gordon', 'Divine', '1962-01-04', 'lG6Kxk_erZ', '6508819649', 'American', 'jody1973@gmail.com', 1, null,
        94524923),
       ('Ray', 'Collier', '2000-10-08', 'nYzRoXnPj9', '8172189038', 'Canadian', 'nolan_conro3@hotmail.com', 0,
        0394580348, null),
       ('Ronald', 'Logan', '2011-09-22', 'lM6_qT-lMW', '6176992392', 'Colombian', 'ryleigh1977@gmail.com', 0,
        8937459254, 99930218),
       ('Floyd', 'Woodburn', '1948-05-30', 'wq_jxOx0DO', '6032373824', 'English', 'ashley1999@gmail.com', 1, null,
        101929),
       ('Ryan', 'Thompson', '1993-09-22', 'RXxr2K8UMo', '2692168552', 'Algerian', 'vickie.litt@hotmail.com', 0, null,
        25452223),
       ('Marco', 'White', '2005-11-11', 'ALNwQGV6dp', '6266077964', 'South African', 'jeffery2005@yahoo.com', 0, null,
        456912741),
       ('Lewis', 'Johnson', '1960-12-31', 'JwJKKCynB1', '8317592935', 'Canadian', 'nicolette.torp@yahoo.com', 1,
        3425243, null),
       ('Mark', 'Chatman', '1977-01-31', 'w42ZkkHMA9', '8476922614', 'Canadian', 'laria.gutkows@yahoo.com', 0, 92378753,
        21391412),
       ('Beverly', 'Meas', '1992-05-01', 'ukWrq7Z6c5', '7277763071', 'Italian', 'thelma.simon@yahoo.com', 1, null,
        214167898),
       ('Hover', 'Bears', '1902-01-31', 'opkfw0', '42352672', 'Swedish', 'moss@yahoo.on', 0, null, 217778),
       ('Brown', 'Aloy', '1942-02-21', 'asef2123', '2468758', 'Finnish', 'li12.xc@outlook.com', 0, 02863401, 5822555),
       ('Bestie', 'Smith', '1999-12-01', 'mcvwen023', '23456436', 'Canadian', 'lololol@msn.ca', 0, 95749, 857111224),
       ('i_am_manager1', 'aaaa', '1900-7-9', 'med1', 5149039281, 'Canadian', 'email@Dvs12', 0, 324324, 123),
       ('Roger', 'McDonald', '1900-7-9', 'med2', 5149039223, 'Canadian', 'wdwq@ee', 0, 6475, 25),
       ('hello', 'eqeq', '1900-7-9', 'med3', 5149039383, 'Canadian', 'vmukus@wewe', 0, 90909, 653),
       ('i_am_manager2', 'h3', '1900-7-9', 'med4', 5149034283, 'Canadian', 'emqqqqqqqqqai', 0, 6666, 134546),
       ('me', 'aaaa', '1900-7-9', 'med5', 5149059283, 'Canadian', 'emailwwwwwwww', 0, 7557, 143566),
       ('u', 'aaaa', '1900-7-9', 'med6', 5149639283, 'Canadian', 'emeeeeeeeeeai', 0, 99595, 23423),
       ('i_am_manager3', 'sgw', '1900-7-9', 'med7', 5147039283, 'Canadian', 'emaigfnfgnl12', 0, 2222, 66666),
       ('buk', 'tki,yv', '1900-7-9', 'med8', 5189039283, 'Canadian', 'emailreagregr', 0, 5553, 46),
       ('cent', 'sffdsb', '1900-7-9', 'med9', 5949039283, 'Canadian', 'emaierrterhhr', 0, 5467325, 5262),
       ('i_am_manager4', 'sg12w', '1900-7-9', 'med10', 1149039283, 'Canadian', 'errterhhigklp', 0, 34677, 435435),
       ('i_am_manager5', 'sg43w', '1900-7-9', 'med11', 5149039233, 'Canadian', 'ehhmaklplpgfd', 0, 72454, 5),
       ('i_am_manager6', 'sg524w', '1900-7-9', 'med12', 5149034483, 'Canadian', 'erhhaiklplpff', 0, 436994, 12),
       ('i_am_manager7', 'sgrwsw', '1900-7-9', 'med13', 5149559283, 'Canadian', 'erhhaiklplpff', 0, 090090, 6163),
       ('i_am_manager8', 'sgvbw', '1900-7-9', 'med14', 5166039283, 'Canadian', 'emahhigklplpn', 0, 347828, 7642),
       ('i_am_manager9', 'sggfdw', '1900-7-9', 'med15', 6449039283, 'Canadian', 'eklplpafdh3h3', 0, 22223, 41554),
       ('i_am_manager10', 'sgvcbw', '1900-7-9', 'med16', 5149345383, 'Canadian', 'emklplpifdh3h', 0, 3228899, 153718),
       ('i_am_manager11', 'sdggw', '1900-7-9', 'med17', 5179039283, 'Canadian', 'emfdh3hnfjj37', 0, 156164654, 818818),
       ('i_am_manager12', 'sgfcvbw', '1900-7-9', 'med18', 5148787883, 'Canadian', 'fdh3hgfjj3779', 0, 562652, 13455),
       ('i_am_manager13', 'sgsfw', '1900-7-9', 'med19', 5149888888, 'Canadian', 'emafdh3hfgjj3', 0, 26782, 2343),
       ('i_am_manager14', 'sgwew', '1900-7-9', 'med20', 5145555553, 'Canadian', 'emewnhhjdh337', 0, 223822, 415661),
       ('i_am_manager15', 'sgbvv2w', '1900-7-9', 'med21', 5141111111, 'Canadian', 'emewnhhjdh337', 0, 25222, 1678181),
       ('i_am_manager17', 'sgdgggw', '1900-7-9', 'med22', 5222222222, 'Canadian', 'eewnhhjdh3377', 0, 99999999,
        199466565),
       ('i_am_manager18', 'sg5yyw', '1900-7-9', 'med23', 5154454543, 'Canadian', 'emaiewnhhjdh3', 0, 296753, 55645),
       ('i_am_manager19', 'sgjjkw', '1900-7-9', 'med24', 5149898989, 'Canadian', 'emewnhhjdh337', 0, 229992, 255),
       ('i_am_manager20', 'sgkkw', '1900-7-9', 'med25', 5100000283, 'Canadian', 'emaigewnhhjdh', 0, 2828222, 3234432),
       ('i_am_manager21', 'sgllw', '1900-7-9', 'med26', 5149000000, 'Canadian', 'ema567wnhhjdh', 0, 2662222, 66666),
       ('i_am_manager22', 'sggra', '1900-7-9', 'med27', 5255555562, 'Canadian', 'wtrge@fyfyyty', 0, 86868, 23444);

INSERT INTO Resides_At (Address, Postal_code, Medical_card_number)
VALUES ('2447', 'H1M 3D2', 'aKXWd7nRui'),
       ('1795', 'R5K M0O', 'lG6Kxk_erZ'),
       ('3910', 'QW2 RT4', 'nYzRoXnPj9'),
       ('4082', 'S2B E11', 'lM6_qT-lMW'),
       ('3925', 'BE1 45U', 'wq_jxOx0DO'),
       ('3281', 'T7U 0Q1', 'RXxr2K8UMo'),
       ('4946', 'U7O 8PX', 'ALNwQGV6dp'),
       ('1138', 'QVH 8OL', 'JwJKKCynB1'),
       ('2382', 'Z7M 6H6', 'w42ZkkHMA9'),
       ('825', 'K9L 6H3', 'ukWrq7Z6c5'),
       ('999', 'PP1 ZX1', 'opkfw0'),
       ('6612', '0J3 CVB', 'asef2123'),
       ('9172', 'B60 JRT', 'mcvwen023'),
       ('1', 'H1M 3D2', 'med1'),
       ('2', 'H1M 3D2', 'med2'),
       ('3', 'H1M 3D2', 'med3'),
       ('4', 'H1M 3D2', 'med4'),
       ('5', 'H1M 3D2', 'med5'),
       ('6', 'H1M 3D2', 'med6'),
       ('7', 'H1M 3D2', 'med7'),
       ('8', 'H1M 3D2', 'med8'),
       ('9', 'H1M 3D2', 'med9'),
       ('10', 'H1M 3D2', 'med10'),
       ('11', 'H1M 3D2', 'med11'),
       ('12', 'H1M 3D2', 'med12'),
       ('13', 'H1M 3D2', 'med13'),
       ('14', 'H1M 3D2', 'med14'),
       ('15', 'H1M 3D2', 'med15'),
       ('16', 'H1M 3D2', 'med16'),
       ('17', 'H1M 3D2', 'med17'),
       ('18', 'H1M 3D2', 'med18'),
       ('19', 'H1M 3D2', 'med19'),
       ('20', 'H1M 3D2', 'med20'),
       ('21', 'H1M 3D2', 'med21'),
       ('22', 'H1M 3D2', 'med22'),
       ('23', 'H1M 3D2', 'med23'),
       ('24', 'H1M 3D2', 'med24'),
       ('2447', 'XAX 23D', 'med25'),
       ('2447', 'KO7 48H', 'med26'),
       ('2447', 'S3H JR1', 'med27');

-- insert Age Group
INSERT INTO Age_Group (minAge, maxAge, GroupAgeID)
VALUES (80, 127, 1),
       (70, 80, 2),
       (60, 70, 3),
       (50, 60, 4),
       (40, 50, 5),
       (30, 40, 6),
       (18, 30, 7),
       (12, 18, 8),
       (5, 12, 9),
       (0, 4, 10);

-- Populate BelongsTo database
INSERT INTO Belongs_To (Medical_card_number, GroupAgeID)
SELECT 'mcvwen023', 7
FROM Age_Group,
     Person
WHERE Age_Group.GroupAgeID = 7
  AND Person.Medical_card_number = 'mcvwen023'
  AND Age_Group.MaxAge >= (SELECT DATE_FORMAT(FROM_DAYS(TO_DAYS(NOW()) - TO_DAYS(Date_of_birth)), '%Y') + 0)
  AND Age_Group.MinAge <= (SELECT DATE_FORMAT(FROM_DAYS(TO_DAYS(NOW()) - TO_DAYS(Date_of_birth)), '%Y') + 0);
    
  INSERT INTO Belongs_To (Medical_card_number, GroupAgeID)
SELECT 'asef2123', 2
FROM Age_Group,
     Person
WHERE Age_Group.GroupAgeID = 2
  AND Person.Medical_card_number = 'asef2123'
  AND Age_Group.MaxAge >= (SELECT DATE_FORMAT(FROM_DAYS(TO_DAYS(NOW()) - TO_DAYS(Date_of_birth)), '%Y') + 0)
  AND Age_Group.MinAge <= (SELECT DATE_FORMAT(FROM_DAYS(TO_DAYS(NOW()) - TO_DAYS(Date_of_birth)), '%Y') + 0);  

    INSERT INTO Belongs_To (Medical_card_number, GroupAgeID)
SELECT 'opkfw0', 1
FROM Age_Group,
     Person
WHERE Age_Group.GroupAgeID = 1
  AND Person.Medical_card_number = 'opkfw0'
  AND Age_Group.MaxAge >= (SELECT DATE_FORMAT(FROM_DAYS(TO_DAYS(NOW()) - TO_DAYS(Date_of_birth)), '%Y') + 0)
  AND Age_Group.MinAge <= (SELECT DATE_FORMAT(FROM_DAYS(TO_DAYS(NOW()) - TO_DAYS(Date_of_birth)), '%Y') + 0);

INSERT INTO Belongs_To (Medical_card_number, GroupAgeID)
SELECT 'aKXWd7nRui', 8
FROM Age_Group,
     Person
WHERE Age_Group.GroupAgeID = 8
  AND Person.Medical_card_number = 'aKXWd7nRui'
  AND Age_Group.MaxAge >= (SELECT DATE_FORMAT(FROM_DAYS(TO_DAYS(NOW()) - TO_DAYS(Date_of_birth)), '%Y') + 0)
  AND Age_Group.MinAge <= (SELECT DATE_FORMAT(FROM_DAYS(TO_DAYS(NOW()) - TO_DAYS(Date_of_birth)), '%Y') + 0);

INSERT INTO Belongs_To (Medical_card_number, GroupAgeID)
SELECT 'ALNwQGV6dp', 8
FROM Age_Group,
     Person
WHERE Age_Group.GroupAgeID = 8
  AND Person.Medical_card_number = 'ALNwQGV6dp'
  AND Age_Group.MaxAge >= (SELECT DATE_FORMAT(FROM_DAYS(TO_DAYS(NOW()) - TO_DAYS(Date_of_birth)), '%Y') + 0)
  AND Age_Group.MinAge <= (SELECT DATE_FORMAT(FROM_DAYS(TO_DAYS(NOW()) - TO_DAYS(Date_of_birth)), '%Y') + 0);

INSERT INTO Belongs_To (Medical_card_number, GroupAgeID)
SELECT 'JwJKKCynB1', 3
FROM Age_Group,
     Person
WHERE Age_Group.GroupAgeID = 3
  AND Person.Medical_card_number = 'JwJKKCynB1'
  AND Age_Group.MaxAge >= (SELECT DATE_FORMAT(FROM_DAYS(TO_DAYS(NOW()) - TO_DAYS(Date_of_birth)), '%Y') + 0)
  AND Age_Group.MinAge <= (SELECT DATE_FORMAT(FROM_DAYS(TO_DAYS(NOW()) - TO_DAYS(Date_of_birth)), '%Y') + 0);

INSERT INTO Belongs_To (Medical_card_number, GroupAgeID)
SELECT 'lG6Kxk_erZ', 4
FROM Age_Group,
     Person
WHERE Age_Group.GroupAgeID = 4
  AND Person.Medical_card_number = 'lG6Kxk_erZ'
  AND Age_Group.MaxAge >= (SELECT DATE_FORMAT(FROM_DAYS(TO_DAYS(NOW()) - TO_DAYS(Date_of_birth)), '%Y') + 0)
  AND Age_Group.MinAge <= (SELECT DATE_FORMAT(FROM_DAYS(TO_DAYS(NOW()) - TO_DAYS(Date_of_birth)), '%Y') + 0);

INSERT INTO Belongs_To (Medical_card_number, GroupAgeID)
SELECT 'lM6_qT-lMW', 9
FROM Age_Group,
     Person
WHERE Age_Group.GroupAgeID = 9
  AND Person.Medical_card_number = 'lM6_qT-lMW'
  AND Age_Group.MaxAge >= (SELECT DATE_FORMAT(FROM_DAYS(TO_DAYS(NOW()) - TO_DAYS(Date_of_birth)), '%Y') + 0)
  AND Age_Group.MinAge <= (SELECT DATE_FORMAT(FROM_DAYS(TO_DAYS(NOW()) - TO_DAYS(Date_of_birth)), '%Y') + 0);

INSERT INTO Belongs_To (Medical_card_number, GroupAgeID)
SELECT 'nYzRoXnPj9', 7
FROM Age_Group,
     Person
WHERE Age_Group.GroupAgeID = 7
  AND Person.Medical_card_number = 'nYzRoXnPj9'
  AND Age_Group.MaxAge >= (SELECT DATE_FORMAT(FROM_DAYS(TO_DAYS(NOW()) - TO_DAYS(Date_of_birth)), '%Y') + 0)
  AND Age_Group.MinAge <= (SELECT DATE_FORMAT(FROM_DAYS(TO_DAYS(NOW()) - TO_DAYS(Date_of_birth)), '%Y') + 0);

INSERT INTO Belongs_To (Medical_card_number, GroupAgeID)
SELECT 'RXxr2K8UMo', 7
FROM Age_Group,
     Person
WHERE Age_Group.GroupAgeID = 7
  AND Person.Medical_card_number = 'RXxr2K8UMo'
  AND Age_Group.MaxAge >= (SELECT DATE_FORMAT(FROM_DAYS(TO_DAYS(NOW()) - TO_DAYS(Date_of_birth)), '%Y') + 0)
  AND Age_Group.MinAge <= (SELECT DATE_FORMAT(FROM_DAYS(TO_DAYS(NOW()) - TO_DAYS(Date_of_birth)), '%Y') + 0);

INSERT INTO Belongs_To (Medical_card_number, GroupAgeID)
SELECT 'ukWrq7Z6c5', 7
FROM Age_Group,
     Person
WHERE Age_Group.GroupAgeID = 7
  AND Person.Medical_card_number = 'ukWrq7Z6c5'
  AND Age_Group.MaxAge >= (SELECT DATE_FORMAT(FROM_DAYS(TO_DAYS(NOW()) - TO_DAYS(Date_of_birth)), '%Y') + 0)
  AND Age_Group.MinAge <= (SELECT DATE_FORMAT(FROM_DAYS(TO_DAYS(NOW()) - TO_DAYS(Date_of_birth)), '%Y') + 0);

INSERT INTO Belongs_To (Medical_card_number, GroupAgeID)
SELECT 'w42ZkkHMA9', 5
FROM Age_Group,
     Person
WHERE Age_Group.GroupAgeID = 5
  AND Person.Medical_card_number = 'w42ZkkHMA9'
  AND Age_Group.MaxAge >= (SELECT DATE_FORMAT(FROM_DAYS(TO_DAYS(NOW()) - TO_DAYS(Date_of_birth)), '%Y') + 0)
  AND Age_Group.MinAge <= (SELECT DATE_FORMAT(FROM_DAYS(TO_DAYS(NOW()) - TO_DAYS(Date_of_birth)), '%Y') + 0);

INSERT INTO Belongs_To (Medical_card_number, GroupAgeID)
SELECT 'wq_jxOx0DO', 2
FROM Age_Group,
     Person
WHERE Age_Group.GroupAgeID = 2
  AND Person.Medical_card_number = 'wq_jxOx0DO'
  AND Age_Group.MaxAge >= (SELECT DATE_FORMAT(FROM_DAYS(TO_DAYS(NOW()) - TO_DAYS(Date_of_birth)), '%Y') + 0)
  AND Age_Group.MinAge <= (SELECT DATE_FORMAT(FROM_DAYS(TO_DAYS(NOW()) - TO_DAYS(Date_of_birth)), '%Y') + 0);

INSERT INTO Belongs_To (Medical_card_number, GroupAgeID)
SELECT 'med1', 1
FROM Age_Group,
     Person
WHERE Age_Group.GroupAgeID = 1
  AND Person.Medical_card_number = 'med1'
  AND Age_Group.MaxAge >= (SELECT DATE_FORMAT(FROM_DAYS(TO_DAYS(NOW()) - TO_DAYS(Date_of_birth)), '%Y') + 0)
  AND Age_Group.MinAge <= (SELECT DATE_FORMAT(FROM_DAYS(TO_DAYS(NOW()) - TO_DAYS(Date_of_birth)), '%Y') + 0);

INSERT INTO Belongs_To (Medical_card_number, GroupAgeID)
SELECT 'med2', 1
FROM Age_Group,
     Person
WHERE Age_Group.GroupAgeID = 1
  AND Person.Medical_card_number = 'med2'
  AND Age_Group.MaxAge >= (SELECT DATE_FORMAT(FROM_DAYS(TO_DAYS(NOW()) - TO_DAYS(Date_of_birth)), '%Y') + 0)
  AND Age_Group.MinAge <= (SELECT DATE_FORMAT(FROM_DAYS(TO_DAYS(NOW()) - TO_DAYS(Date_of_birth)), '%Y') + 0);

INSERT INTO Belongs_To (Medical_card_number, GroupAgeID)
SELECT 'med3', 1
FROM Age_Group,
     Person
WHERE Age_Group.GroupAgeID = 1
  AND Person.Medical_card_number = 'med3'
  AND Age_Group.MaxAge >= (SELECT DATE_FORMAT(FROM_DAYS(TO_DAYS(NOW()) - TO_DAYS(Date_of_birth)), '%Y') + 0)
  AND Age_Group.MinAge <= (SELECT DATE_FORMAT(FROM_DAYS(TO_DAYS(NOW()) - TO_DAYS(Date_of_birth)), '%Y') + 0);

INSERT INTO Belongs_To (Medical_card_number, GroupAgeID)
SELECT 'med4', 1
FROM Age_Group,
     Person
WHERE Age_Group.GroupAgeID = 1
  AND Person.Medical_card_number = 'med4'
  AND Age_Group.MaxAge >= (SELECT DATE_FORMAT(FROM_DAYS(TO_DAYS(NOW()) - TO_DAYS(Date_of_birth)), '%Y') + 0)
  AND Age_Group.MinAge <= (SELECT DATE_FORMAT(FROM_DAYS(TO_DAYS(NOW()) - TO_DAYS(Date_of_birth)), '%Y') + 0);

INSERT INTO Belongs_To (Medical_card_number, GroupAgeID)
SELECT 'med5', 1
FROM Age_Group,
     Person
WHERE Age_Group.GroupAgeID = 1
  AND Person.Medical_card_number = 'med5'
  AND Age_Group.MaxAge >= (SELECT DATE_FORMAT(FROM_DAYS(TO_DAYS(NOW()) - TO_DAYS(Date_of_birth)), '%Y') + 0)
  AND Age_Group.MinAge <= (SELECT DATE_FORMAT(FROM_DAYS(TO_DAYS(NOW()) - TO_DAYS(Date_of_birth)), '%Y') + 0);

INSERT INTO Belongs_To (Medical_card_number, GroupAgeID)
SELECT 'med6', 1
FROM Age_Group,
     Person
WHERE Age_Group.GroupAgeID = 1
  AND Person.Medical_card_number = 'med6'
  AND Age_Group.MaxAge >= (SELECT DATE_FORMAT(FROM_DAYS(TO_DAYS(NOW()) - TO_DAYS(Date_of_birth)), '%Y') + 0)
  AND Age_Group.MinAge <= (SELECT DATE_FORMAT(FROM_DAYS(TO_DAYS(NOW()) - TO_DAYS(Date_of_birth)), '%Y') + 0);

INSERT INTO Belongs_To (Medical_card_number, GroupAgeID)
SELECT 'med7', 1
FROM Age_Group,
     Person
WHERE Age_Group.GroupAgeID = 1
  AND Person.Medical_card_number = 'med7'
  AND Age_Group.MaxAge >= (SELECT DATE_FORMAT(FROM_DAYS(TO_DAYS(NOW()) - TO_DAYS(Date_of_birth)), '%Y') + 0)
  AND Age_Group.MinAge <= (SELECT DATE_FORMAT(FROM_DAYS(TO_DAYS(NOW()) - TO_DAYS(Date_of_birth)), '%Y') + 0);

INSERT INTO Belongs_To (Medical_card_number, GroupAgeID)
SELECT 'med8', 1
FROM Age_Group,
     Person
WHERE Age_Group.GroupAgeID = 1
  AND Person.Medical_card_number = 'med8'
  AND Age_Group.MaxAge >= (SELECT DATE_FORMAT(FROM_DAYS(TO_DAYS(NOW()) - TO_DAYS(Date_of_birth)), '%Y') + 0)
  AND Age_Group.MinAge <= (SELECT DATE_FORMAT(FROM_DAYS(TO_DAYS(NOW()) - TO_DAYS(Date_of_birth)), '%Y') + 0);

INSERT INTO Belongs_To (Medical_card_number, GroupAgeID)
SELECT 'med9', 1
FROM Age_Group,
     Person
WHERE Age_Group.GroupAgeID = 1
  AND Person.Medical_card_number = 'med9'
  AND Age_Group.MaxAge >= (SELECT DATE_FORMAT(FROM_DAYS(TO_DAYS(NOW()) - TO_DAYS(Date_of_birth)), '%Y') + 0)
  AND Age_Group.MinAge <= (SELECT DATE_FORMAT(FROM_DAYS(TO_DAYS(NOW()) - TO_DAYS(Date_of_birth)), '%Y') + 0);

INSERT INTO Belongs_To (Medical_card_number, GroupAgeID)
SELECT 'med10', 1
FROM Age_Group,
     Person
WHERE Age_Group.GroupAgeID = 1
  AND Person.Medical_card_number = 'med10'
  AND Age_Group.MaxAge >= (SELECT DATE_FORMAT(FROM_DAYS(TO_DAYS(NOW()) - TO_DAYS(Date_of_birth)), '%Y') + 0)
  AND Age_Group.MinAge <= (SELECT DATE_FORMAT(FROM_DAYS(TO_DAYS(NOW()) - TO_DAYS(Date_of_birth)), '%Y') + 0);

INSERT INTO Belongs_To (Medical_card_number, GroupAgeID)
SELECT 'med11', 1
FROM Age_Group,
     Person
WHERE Age_Group.GroupAgeID = 1
  AND Person.Medical_card_number = 'med12'
  AND Age_Group.MaxAge >= (SELECT DATE_FORMAT(FROM_DAYS(TO_DAYS(NOW()) - TO_DAYS(Date_of_birth)), '%Y') + 0)
  AND Age_Group.MinAge <= (SELECT DATE_FORMAT(FROM_DAYS(TO_DAYS(NOW()) - TO_DAYS(Date_of_birth)), '%Y') + 0);

INSERT INTO Belongs_To (Medical_card_number, GroupAgeID)
SELECT 'med12', 1
FROM Age_Group,
     Person
WHERE Age_Group.GroupAgeID = 1
  AND Person.Medical_card_number = 'med12'
  AND Age_Group.MaxAge >= (SELECT DATE_FORMAT(FROM_DAYS(TO_DAYS(NOW()) - TO_DAYS(Date_of_birth)), '%Y') + 0)
  AND Age_Group.MinAge <= (SELECT DATE_FORMAT(FROM_DAYS(TO_DAYS(NOW()) - TO_DAYS(Date_of_birth)), '%Y') + 0);


    INSERT INTO Belongs_To (Medical_card_number, GroupAgeID)
SELECT 'med13', 1
FROM Age_Group,
     Person
WHERE Age_Group.GroupAgeID = 1
  AND Person.Medical_card_number = 'med13'
  AND Age_Group.MaxAge >= (SELECT DATE_FORMAT(FROM_DAYS(TO_DAYS(NOW()) - TO_DAYS(Date_of_birth)), '%Y') + 0)
  AND Age_Group.MinAge <= (SELECT DATE_FORMAT(FROM_DAYS(TO_DAYS(NOW()) - TO_DAYS(Date_of_birth)), '%Y') + 0);

    INSERT INTO Belongs_To (Medical_card_number, GroupAgeID)
SELECT 'med14', 1
FROM Age_Group,
     Person
WHERE Age_Group.GroupAgeID = 1
  AND Person.Medical_card_number = 'med14'
  AND Age_Group.MaxAge >= (SELECT DATE_FORMAT(FROM_DAYS(TO_DAYS(NOW()) - TO_DAYS(Date_of_birth)), '%Y') + 0)
  AND Age_Group.MinAge <= (SELECT DATE_FORMAT(FROM_DAYS(TO_DAYS(NOW()) - TO_DAYS(Date_of_birth)), '%Y') + 0);

    INSERT INTO Belongs_To (Medical_card_number, GroupAgeID)
SELECT 'med15', 1
FROM Age_Group,
     Person
WHERE Age_Group.GroupAgeID = 1
  AND Person.Medical_card_number = 'med15'
  AND Age_Group.MaxAge >= (SELECT DATE_FORMAT(FROM_DAYS(TO_DAYS(NOW()) - TO_DAYS(Date_of_birth)), '%Y') + 0)
  AND Age_Group.MinAge <= (SELECT DATE_FORMAT(FROM_DAYS(TO_DAYS(NOW()) - TO_DAYS(Date_of_birth)), '%Y') + 0);

    INSERT INTO Belongs_To (Medical_card_number, GroupAgeID)
SELECT 'med16', 1
FROM Age_Group,
     Person
WHERE Age_Group.GroupAgeID = 1
  AND Person.Medical_card_number = 'med16'
  AND Age_Group.MaxAge >= (SELECT DATE_FORMAT(FROM_DAYS(TO_DAYS(NOW()) - TO_DAYS(Date_of_birth)), '%Y') + 0)
  AND Age_Group.MinAge <= (SELECT DATE_FORMAT(FROM_DAYS(TO_DAYS(NOW()) - TO_DAYS(Date_of_birth)), '%Y') + 0);

    INSERT INTO Belongs_To (Medical_card_number, GroupAgeID)
SELECT 'med17', 1
FROM Age_Group,
     Person
WHERE Age_Group.GroupAgeID = 1
  AND Person.Medical_card_number = 'med17'
  AND Age_Group.MaxAge >= (SELECT DATE_FORMAT(FROM_DAYS(TO_DAYS(NOW()) - TO_DAYS(Date_of_birth)), '%Y') + 0)
  AND Age_Group.MinAge <= (SELECT DATE_FORMAT(FROM_DAYS(TO_DAYS(NOW()) - TO_DAYS(Date_of_birth)), '%Y') + 0);

    INSERT INTO Belongs_To (Medical_card_number, GroupAgeID)
SELECT 'med18', 1
FROM Age_Group,
     Person
WHERE Age_Group.GroupAgeID = 1
  AND Person.Medical_card_number = 'med18'
  AND Age_Group.MaxAge >= (SELECT DATE_FORMAT(FROM_DAYS(TO_DAYS(NOW()) - TO_DAYS(Date_of_birth)), '%Y') + 0)
  AND Age_Group.MinAge <= (SELECT DATE_FORMAT(FROM_DAYS(TO_DAYS(NOW()) - TO_DAYS(Date_of_birth)), '%Y') + 0);

    INSERT INTO Belongs_To (Medical_card_number, GroupAgeID)
SELECT 'med19', 1
FROM Age_Group,
     Person
WHERE Age_Group.GroupAgeID = 1
  AND Person.Medical_card_number = 'med19'
  AND Age_Group.MaxAge >= (SELECT DATE_FORMAT(FROM_DAYS(TO_DAYS(NOW()) - TO_DAYS(Date_of_birth)), '%Y') + 0)
  AND Age_Group.MinAge <= (SELECT DATE_FORMAT(FROM_DAYS(TO_DAYS(NOW()) - TO_DAYS(Date_of_birth)), '%Y') + 0);

    INSERT INTO Belongs_To (Medical_card_number, GroupAgeID)
SELECT 'med20', 1
FROM Age_Group,
     Person
WHERE Age_Group.GroupAgeID = 1
  AND Person.Medical_card_number = 'med20'
  AND Age_Group.MaxAge >= (SELECT DATE_FORMAT(FROM_DAYS(TO_DAYS(NOW()) - TO_DAYS(Date_of_birth)), '%Y') + 0)
  AND Age_Group.MinAge <= (SELECT DATE_FORMAT(FROM_DAYS(TO_DAYS(NOW()) - TO_DAYS(Date_of_birth)), '%Y') + 0);

INSERT INTO Belongs_To (Medical_card_number, GroupAgeID)
SELECT 'med21', 1
FROM Age_Group,
     Person
WHERE Age_Group.GroupAgeID = 1
  AND Person.Medical_card_number = 'med21'
  AND Age_Group.MaxAge >= (SELECT DATE_FORMAT(FROM_DAYS(TO_DAYS(NOW()) - TO_DAYS(Date_of_birth)), '%Y') + 0)
  AND Age_Group.MinAge <= (SELECT DATE_FORMAT(FROM_DAYS(TO_DAYS(NOW()) - TO_DAYS(Date_of_birth)), '%Y') + 0);

INSERT INTO Belongs_To (Medical_card_number, GroupAgeID)
SELECT 'med22', 1
FROM Age_Group,
     Person
WHERE Age_Group.GroupAgeID = 1
  AND Person.Medical_card_number = 'med22'
  AND Age_Group.MaxAge >= (SELECT DATE_FORMAT(FROM_DAYS(TO_DAYS(NOW()) - TO_DAYS(Date_of_birth)), '%Y') + 0)
  AND Age_Group.MinAge <= (SELECT DATE_FORMAT(FROM_DAYS(TO_DAYS(NOW()) - TO_DAYS(Date_of_birth)), '%Y') + 0);

INSERT INTO Belongs_To (Medical_card_number, GroupAgeID)
SELECT 'med23', 1
FROM Age_Group,
     Person
WHERE Age_Group.GroupAgeID = 1
  AND Person.Medical_card_number = 'med23'
  AND Age_Group.MaxAge >= (SELECT DATE_FORMAT(FROM_DAYS(TO_DAYS(NOW()) - TO_DAYS(Date_of_birth)), '%Y') + 0)
  AND Age_Group.MinAge <= (SELECT DATE_FORMAT(FROM_DAYS(TO_DAYS(NOW()) - TO_DAYS(Date_of_birth)), '%Y') + 0);

INSERT INTO Belongs_To (Medical_card_number, GroupAgeID)
SELECT 'med24', 1
FROM Age_Group,
     Person
WHERE Age_Group.GroupAgeID = 1
  AND Person.Medical_card_number = 'med24'
  AND Age_Group.MaxAge >= (SELECT DATE_FORMAT(FROM_DAYS(TO_DAYS(NOW()) - TO_DAYS(Date_of_birth)), '%Y') + 0)
  AND Age_Group.MinAge <= (SELECT DATE_FORMAT(FROM_DAYS(TO_DAYS(NOW()) - TO_DAYS(Date_of_birth)), '%Y') + 0);

INSERT INTO Belongs_To (Medical_card_number, GroupAgeID)
SELECT 'med25', 1
FROM Age_Group,
     Person
WHERE Age_Group.GroupAgeID = 1
  AND Person.Medical_card_number = 'med25'
  AND Age_Group.MaxAge >= (SELECT DATE_FORMAT(FROM_DAYS(TO_DAYS(NOW()) - TO_DAYS(Date_of_birth)), '%Y') + 0)
  AND Age_Group.MinAge <= (SELECT DATE_FORMAT(FROM_DAYS(TO_DAYS(NOW()) - TO_DAYS(Date_of_birth)), '%Y') + 0);

INSERT INTO Belongs_To (Medical_card_number, GroupAgeID)
SELECT 'med26', 1
FROM Age_Group,
     Person
WHERE Age_Group.GroupAgeID = 1
  AND Person.Medical_card_number = 'med26'
  AND Age_Group.MaxAge >= (SELECT DATE_FORMAT(FROM_DAYS(TO_DAYS(NOW()) - TO_DAYS(Date_of_birth)), '%Y') + 0)
  AND Age_Group.MinAge <= (SELECT DATE_FORMAT(FROM_DAYS(TO_DAYS(NOW()) - TO_DAYS(Date_of_birth)), '%Y') + 0);


INSERT INTO Belongs_To (Medical_card_number, GroupAgeID)
SELECT 'med27', 1
FROM Age_Group,
     Person
WHERE Age_Group.GroupAgeID = 1
  AND Person.Medical_card_number = 'med27'
  AND Age_Group.MaxAge >= (SELECT DATE_FORMAT(FROM_DAYS(TO_DAYS(NOW()) - TO_DAYS(Date_of_birth)), '%Y') + 0)
  AND Age_Group.MinAge <= (SELECT DATE_FORMAT(FROM_DAYS(TO_DAYS(NOW()) - TO_DAYS(Date_of_birth)), '%Y') + 0);

INSERT INTO Type_of_Infection
VALUES ('Alpha variant'),
       ('Gamma variant'),
       ('Delta variant'),
       ('Beta variant');

-- Populate Infection History table
INSERT INTO Infection_History (Medical_card_number, Date_of_infection, Type_of_infection)
VALUES ('aKXWd7nRui', '2020-01-13', 'Delta variant'),
       ('lG6Kxk_erZ', '2020-12-08', null),
       ('wq_jxOx0DO', '2020-10-05', 'Alpha variant'),
       ('aKXWd7nRui', '2020-06-16', 'Gamma variant'),
       ('lG6Kxk_erZ', '2020-04-01', 'Gamma variant'),
       ('aKXWd7nRui', '2020-05-29', 'Beta variant');

-- insert Vaccination Facility information
INSERT INTO Vaccination_Facility (Name, Phone_number, Web_address, Type_of_facility)
VALUES ('Stade Olympique/SAQ', '5146444545',
        'https://ciusss-estmtl.gouv.qc.ca/covid-19/Vaccination-contre-la-covid-19/clinique-de-Vaccination-du-stade-olympiquesaq',
        'special installment'),
       ('Aréna Martin-Brodeur', '5146444545',
        'https://ciusss-estmtl.gouv.qc.ca/covid-19/Vaccination-contre-la-covid-19/clinique-de-Vaccination-de-larena-martin-brodeur',
        'special installment'),
       ('Pôle de Vaccination Rivière-des-Prairies Transcontinental – Énergir', '5146444545',
        'https://ciusss-estmtl.gouv.qc.ca/covid-19/Vaccination-contre-la-covid-19/pole-de-Vaccination-transcontinental-energir-riviere-des-prairies',
        'special installment'),
       ('Pôle de Vaccination Saint-Michel', '5146444545',
        'https://ciusss-estmtl.gouv.qc.ca/covid-19/Vaccination-contre-la-covid-19/pole-de-Vaccination-de-saint-michel',
        'special installment'),
       ('Aréna Bob Birnie', '5146444545',
        'https://ciusss-ouestmtl.gouv.qc.ca/en/users-info/covid-19-care-and-services/covid-19-Vaccination/',
        'special installment'),
       ('Centre civique de Dollard-des-Ormeaux', '5146444545',
        'https://ciusss-ouestmtl.gouv.qc.ca/en/users-info/covid-19-care-and-services/covid-19-Vaccination/',
        'special installment'),
       ('Centre sportif Dollard-St-Laurent', '5146444545',
        'https://ciusss-ouestmtl.gouv.qc.ca/en/users-info/covid-19-care-and-services/covid-19-Vaccination/',
        'special installment'),
       ('Centre communautaire Gerry-Robertson', '5146444545',
        'https://ciusss-ouestmtl.gouv.qc.ca/en/users-info/covid-19-care-and-services/covid-19-Vaccination/',
        'special installment'),
       ('Palais des congrès', '5146444545',
        'https://cisss-outaouais.gouv.qc.ca/language/en/covid19-en/covid-19-Vaccination/', 'special installment'),
       ('CLSC de la Visitation', '5146444545',
        'https://ciusss-centresudmtl.gouv.qc.ca/etablissement/clsc-de-la-visitation-et-gmfu-des-faubourgs', 'clinic'),
       ('Site de Vaccination de Pointe-Saint-Charles', '5146444545', 'https://ccpsc.qc.ca/en/', 'special installment'),
       ('Aréna Bill-Durnan', '5146444545',
        'https://www.ciussswestcentral.ca/programs-and-services/lifestyle-habits-and-prevention/Vaccination/covid-19-Vaccination/',
        'special installment'),
       ('Université de Montreal, MIL Campus', '5146444545',
        'https://infocovid19.umontreal.ca/toutes-les-communications/nouvelle/news/detail/News/site-de-Vaccination-au-campus-mil/',
        'special installment'),
       ('Clinique de Vaccination dAhuntsic', '5146444545',
        'https://www.ciusssnordmtl.ca/soins-et-services/coronavirus-covid-19/Vaccination-contre-la-covid-19/',
        'clinic'),
       ('Clinique de Vaccination de Montreal-Nord', '5146444545',
        'https://www.ciusssnordmtl.ca/soins-et-services/coronavirus-covid-19/Vaccination-contre-la-covid-19/',
        'clinic'),
       ('Clinique de Vaccination Christophe-Colomb', '5146444545',
        'https://www.ciusssnordmtl.ca/soins-et-services/coronavirus-covid-19/Vaccination-contre-la-covid-19/',
        'clinic'),
       ('Clinique de Vaccination de Saint-Laurent', '5146444545',
        'https://www.ciusssnordmtl.ca/soins-et-services/coronavirus-covid-19/Vaccination-contre-la-covid-19/',
        'clinic'),
       ('Centre de Vaccination CAE', '5146444545', 'https://www.cae.com/fr/cae-Vaccination-centre-fr/',
        'special installment'),
       ('Vaccination center Ottawa', '9871912929', 'https://www.cae.com/Vaccination_center_Ottawa/', 'Hospital'),
       ('Vaccination center Winnipeg', '9871912929', 'https://www.cae.com/Vaccination_center_Winnipeg/', 'Hospital'),
       ('Vaccination center Edmonton', '9871912929', 'https://www.cae.com/Vaccination_center_Edmonton/', 'Hospital');
INSERT INTO Vaccination_Facility (Name)
VALUES ('BIG PHARMAS');

INSERT INTO Located_At (Facility_name, Address, Postal_code)
VALUES ('Stade Olympique/SAQ', '4545', 'H1V 0B2'),
       ('Aréna Martin-Brodeur', '5300', 'H1R 1P9'),
       ('Pôle de Vaccination Rivière-des-Prairies Transcontinental – Énergir', '8000', 'H1E 2S7'),
       ('Pôle de Vaccination Saint-Michel', '8333', 'H1Z 4N9'),
       ('Aréna Bob Birnie', '58', 'H9R 0A7'),
       ('Centre civique de Dollard-des-Ormeaux', '12001', 'H9B 2A7'),
       ('Centre sportif Dollard-St-Laurent', '707', 'H8R 3Y2'),
       ('Centre communautaire Gerry-Robertson', '9665', 'H8Y 1R4'),
       ('Palais des congrès', '1001', 'H2Z 1H5'),
       ('CLSC de la Visitation', '1705', 'H2L 3C3'),
       ('Site de Vaccination de Pointe-Saint-Charles', '2115', 'H3K 1J5'),
       ('Aréna Bill-Durnan', '4988', 'H3W 1C1'),
       ('Université de Montreal, MIL Campus', '1375', 'H2V 0B3'),
       ('Clinique de Vaccination dAhuntsic', '800', 'H3L 1P5'),
       ('Clinique de Vaccination de Montreal-Nord', '11201', 'H1G 4J7'),
       ('Clinique de Vaccination Christophe-Colomb', '7355', 'H2R 2S5'),
       ('Clinique de Vaccination de Saint-Laurent', '300', 'H4N 3K4'),
       ('Centre de Vaccination CAE', '8585', 'H4T 1G6'),
       ('Vaccination center Ottawa', '123', 'X1G G32'),
       ('Vaccination center Winnipeg', '4', 'KD0 93K'),
       ('Vaccination center Edmonton', '192', 'C7N VA1');


-- insert Vaccine information
INSERT INTO Vaccine_Information (Vaccine_name, Vaccine_approval_date, Vaccine_short_description, Vaccine_status,
                                 Minimum_allowed_group_age)
VALUES ('Moderna COVID-19', '2020-11-23',
        'The Moderna COVID-19 vaccine (mRNA-1273) is used to prevent SARS-CoV-2 (approved for >18 y/o)', 'SAFE', '7'),
       ('Pfizer-BioNTech COVID-19', '2020-11-09',
        'The Pfizer-BioNTech COVID-19 mRNA vaccine (Tozinameran or BNT162b2) is used to protect against COVID-19 (approved for >12 y/o)',
        'SAFE', '8'),
       ('AstraZeneca/COVISHIELD COVID-19', '2021-02-26',
        'The AstraZeneca COVID-19 vaccine (ChAdOx1-S) is used to prevent COVID-19 (approved for >18 y/o)', 'SAFE', '7'),
       ('Janssen (Johnson & Johnson) COVID-19', '2021-03-05',
        'The Janssen COVID-19 vaccine (Ad26.COV2.S) is used to prevent COVID-19 (approved for >18y/o)', 'SAFE', '7');
INSERT INTO Vaccine_Information (Vaccine_name, Vaccine_short_description, Vaccine_status)
VALUES ('Novavax COVID-19', 'The Novavax COVID-19 vaccine (NVX-CoV2373) is under review', 'UNDER REVIEW');
INSERT INTO Vaccine_Information (Vaccine_name, Vaccine_short_description, Vaccine_status, Vaccine_date_of_suspension)
VALUES ('Pendopharm COVID-19',
        'The Pendopharm Division of Pharmascience Inc vaccine (ColchicineFootnote) is cancelled by sponsor',
        'SUSPENDED', '2021-06-07');

-- insert Storage information
INSERT INTO Storage (Facility_name, Vaccine_name, Capacity)
VALUES ('BIG PHARMAS', 'Moderna COVID-19', 999),
       ('BIG PHARMAS', 'Pfizer-BioNTech COVID-19', 999),
       ('BIG PHARMAS', 'AstraZeneca/COVISHIELD COVID-19', 999),
       ('BIG PHARMAS', 'Janssen (Johnson & Johnson) COVID-19', 999),
       ('BIG PHARMAS', 'Novavax COVID-19', 999),
       ('BIG PHARMAS', 'Pendopharm COVID-19', 999);

INSERT INTO Storage (Facility_name, Vaccine_name)
VALUES ('Stade Olympique/SAQ', 'Moderna COVID-19'),
       ('Stade Olympique/SAQ', 'Pfizer-BioNTech COVID-19'),
       ('Stade Olympique/SAQ', 'AstraZeneca/COVISHIELD COVID-19'),
       ('Stade Olympique/SAQ', 'Janssen (Johnson & Johnson) COVID-19'),
       ('Aréna Martin-Brodeur', 'Moderna COVID-19'),
       ('Aréna Martin-Brodeur', 'Pfizer-BioNTech COVID-19'),
       ('Aréna Martin-Brodeur', 'AstraZeneca/COVISHIELD COVID-19'),
       ('Pôle de Vaccination Rivière-des-Prairies Transcontinental – Énergir', 'Pfizer-BioNTech COVID-19'),
       ('Pôle de Vaccination Saint-Michel', 'Pfizer-BioNTech COVID-19'),
       ('Aréna Bob Birnie', 'Moderna COVID-19'),
       ('Centre civique de Dollard-des-Ormeaux', 'Moderna COVID-19'),
       ('Centre sportif Dollard-St-Laurent', 'Moderna COVID-19'),
       ('Centre communautaire Gerry-Robertson', 'Novavax COVID-19'),
       ('Palais des congrès', 'Novavax COVID-19'),
       ('CLSC de la Visitation', 'Novavax COVID-19'),
       ('Site de Vaccination de Pointe-Saint-Charles', 'Novavax COVID-19'),
       ('Aréna Bill-Durnan', 'Novavax COVID-19'),
       ('Université de Montreal, MIL Campus', 'Novavax COVID-19'),
       ('Clinique de Vaccination dAhuntsic', 'Janssen (Johnson & Johnson) COVID-19'),
       ('Clinique de Vaccination de Montreal-Nord', 'Moderna COVID-19'),
       ('Clinique de Vaccination Christophe-Colomb', 'AstraZeneca/COVISHIELD COVID-19'),
       ('Clinique de Vaccination de Saint-Laurent', 'AstraZeneca/COVISHIELD COVID-19'),
       ('Centre de Vaccination CAE', 'Pendopharm COVID-19'),
       ('Vaccination center Ottawa', 'Pfizer-BioNTech COVID-19'),
       ('Vaccination center Winnipeg', 'Pfizer-BioNTech COVID-19'),
       ('Vaccination center Edmonton', 'Pendopharm COVID-19');

-- insert Shipment information
INSERT INTO Shipment (From_facility_storage, To_facility_storage, Vaccine_name, Number_of_vaccine_doses, Reception_date)
SELECT 'BIG PHARMAS', 'Stade Olympique/SAQ', 'Moderna COVID-19', 3, '2020-01-01'
FROM Storage
WHERE
    Storage.Facility_name = 'BIG PHARMAS'
  AND Storage.Vaccine_name = 'Moderna COVID-19'
  AND 3 <= Storage.Capacity;
CALL updateCapacity('BIG PHARMAS', 'Stade Olympique/SAQ', 'Moderna COVID-19', 3);

-- repeat the logic up top in every INSERT INTO query in Shipment db
INSERT INTO Shipment (From_facility_storage, To_facility_storage, Vaccine_name, Number_of_vaccine_doses, Reception_date)
VALUES ('BIG PHARMAS', 'Stade Olympique/SAQ', 'Pfizer-BioNTech COVID-19', 3, '2020-01-01');
CALL updateCapacity('BIG PHARMAS', 'Stade Olympique/SAQ', 'Pfizer-BioNTech COVID-19', 3);

-- repeat the logic up top in every INSERT INTO query in Shipment db
INSERT INTO Shipment (From_facility_storage, To_facility_storage, Vaccine_name, Number_of_vaccine_doses, Reception_date)
VALUES ('BIG PHARMAS', 'Stade Olympique/SAQ', 'AstraZeneca/COVISHIELD COVID-19', 3, '2020-01-01');
CALL updateCapacity('BIG PHARMAS', 'Stade Olympique/SAQ', 'AstraZeneca/COVISHIELD COVID-19', 3);

-- repeat the logic up top in every INSERT INTO query in Shipment db
INSERT INTO Shipment (From_facility_storage, To_facility_storage, Vaccine_name, Number_of_vaccine_doses, Reception_date)
VALUES ('BIG PHARMAS', 'Stade Olympique/SAQ', 'Janssen (Johnson & Johnson) COVID-19', 3, '2020-01-01');
CALL updateCapacity('BIG PHARMAS', 'Stade Olympique/SAQ', 'Janssen (Johnson & Johnson) COVID-19', 3);

-- repeat the logic up top in every INSERT INTO query in Shipment db
INSERT INTO Shipment (From_facility_storage, To_facility_storage, Vaccine_name, Number_of_vaccine_doses, Reception_date)
VALUES ('BIG PHARMAS', 'Aréna Martin-Brodeur', 'Moderna COVID-19', 3, '2020-01-01');
CALL updateCapacity('BIG PHARMAS', 'Aréna Martin-Brodeur', 'Moderna COVID-19', 3);

-- repeat the logic up top in every INSERT INTO query in Shipment db
INSERT INTO Shipment (From_facility_storage, To_facility_storage, Vaccine_name, Number_of_vaccine_doses, Reception_date)
VALUES ('BIG PHARMAS', 'Aréna Martin-Brodeur', 'Pfizer-BioNTech COVID-19', 3, '2020-01-01');
CALL updateCapacity('BIG PHARMAS', 'Aréna Martin-Brodeur', 'Pfizer-BioNTech COVID-19', 3);

-- repeat the logic up top in every INSERT INTO query in Shipment db
INSERT INTO Shipment (From_facility_storage, To_facility_storage, Vaccine_name, Number_of_vaccine_doses, Reception_date)
VALUES ('BIG PHARMAS', 'Aréna Martin-Brodeur', 'AstraZeneca/COVISHIELD COVID-19', 3, '2020-01-01');
CALL updateCapacity('BIG PHARMAS', 'Aréna Martin-Brodeur', 'AstraZeneca/COVISHIELD COVID-19', 3);

-- repeat the logic up top in every INSERT INTO query in Shipment db
INSERT INTO Shipment (From_facility_storage, To_facility_storage, Vaccine_name, Number_of_vaccine_doses, Reception_date)
VALUES ('BIG PHARMAS', 'Pôle de Vaccination Rivière-des-Prairies Transcontinental – Énergir',
        'Pfizer-BioNTech COVID-19', 3, '2020-01-01');
CALL updateCapacity('BIG PHARMAS', 'Pôle de Vaccination Rivière-des-Prairies Transcontinental – Énergir',
                    'Pfizer-BioNTech COVID-19', 3);

-- repeat the logic up top in every INSERT INTO query in Shipment db
INSERT INTO Shipment (From_facility_storage, To_facility_storage, Vaccine_name, Number_of_vaccine_doses, Reception_date)
VALUES ('BIG PHARMAS', 'Pôle de Vaccination Saint-Michel', 'Pfizer-BioNTech COVID-19', 3, '2020-01-01');
CALL updateCapacity('BIG PHARMAS', 'Pôle de Vaccination Saint-Michel', 'Pfizer-BioNTech COVID-19', 3);

-- repeat the logic up top in every INSERT INTO query in Shipment db
INSERT INTO Shipment (From_facility_storage, To_facility_storage, Vaccine_name, Number_of_vaccine_doses, Reception_date)
VALUES ('BIG PHARMAS', 'Aréna Bob Birnie', 'Moderna COVID-19', 3, '2020-01-01');
CALL updateCapacity('BIG PHARMAS', 'Aréna Bob Birnie', 'Moderna COVID-19', 3);

-- repeat the logic up top in every INSERT INTO query in Shipment db
INSERT INTO Shipment (From_facility_storage, To_facility_storage, Vaccine_name, Number_of_vaccine_doses, Reception_date)
VALUES ('BIG PHARMAS', 'Centre civique de Dollard-des-Ormeaux', 'Moderna COVID-19', 3, '2020-01-01');
CALL updateCapacity('BIG PHARMAS', 'Centre civique de Dollard-des-Ormeaux', 'Moderna COVID-19', 3);

-- repeat the logic up top in every INSERT INTO query in Shipment db
INSERT INTO Shipment (From_facility_storage, To_facility_storage, Vaccine_name, Number_of_vaccine_doses, Reception_date)
VALUES ('BIG PHARMAS', 'Centre sportif Dollard-St-Laurent', 'Moderna COVID-19', 3, '2020-01-01');
CALL updateCapacity('BIG PHARMAS', 'Centre sportif Dollard-St-Laurent', 'Moderna COVID-19', 3);

-- repeat the logic up top in every INSERT INTO query in Shipment db
INSERT INTO Shipment (From_facility_storage, To_facility_storage, Vaccine_name, Number_of_vaccine_doses, Reception_date)
VALUES ('BIG PHARMAS', 'Centre communautaire Gerry-Robertson', 'Novavax COVID-19', 3, '2020-01-01');
CALL updateCapacity('BIG PHARMAS', 'Centre communautaire Gerry-Robertson', 'Novavax COVID-19', 3);

-- repeat the logic up top in every INSERT INTO query in Shipment db
INSERT INTO Shipment (From_facility_storage, To_facility_storage, Vaccine_name, Number_of_vaccine_doses, Reception_date)
VALUES ('BIG PHARMAS', 'Palais des congrès', 'Novavax COVID-19', 3, '2020-01-01');
CALL updateCapacity('BIG PHARMAS', 'Palais des congrès', 'Novavax COVID-19', 3);

-- repeat the logic up top in every INSERT INTO query in Shipment db
INSERT INTO Shipment (From_facility_storage, To_facility_storage, Vaccine_name, Number_of_vaccine_doses, Reception_date)
VALUES ('BIG PHARMAS', 'CLSC de la Visitation', 'Novavax COVID-19', 3, '2020-01-01');
CALL updateCapacity('BIG PHARMAS', 'CLSC de la Visitation', 'Novavax COVID-19', 3);

-- repeat the logic up top in every INSERT INTO query in Shipment db
INSERT INTO Shipment (From_facility_storage, To_facility_storage, Vaccine_name, Number_of_vaccine_doses, Reception_date)
VALUES ('BIG PHARMAS', 'Site de Vaccination de Pointe-Saint-Charles', 'Novavax COVID-19', 3, '2020-01-01');
CALL updateCapacity('BIG PHARMAS', 'Site de Vaccination de Pointe-Saint-Charles', 'Novavax COVID-19', 3);

-- repeat the logic up top in every INSERT INTO query in Shipment db
INSERT INTO Shipment (From_facility_storage, To_facility_storage, Vaccine_name, Number_of_vaccine_doses, Reception_date)
VALUES ('BIG PHARMAS', 'Aréna Bill-Durnan', 'Novavax COVID-19', 3, '2020-01-01');
CALL updateCapacity('BIG PHARMAS', 'Aréna Bill-Durnan', 'Novavax COVID-19', 3);

-- repeat the logic up top in every INSERT INTO query in Shipment db
INSERT INTO Shipment (From_facility_storage, To_facility_storage, Vaccine_name, Number_of_vaccine_doses, Reception_date)
VALUES ('BIG PHARMAS', 'Université de Montreal, MIL Campus', 'Novavax COVID-19', 3, '2020-01-01');
CALL updateCapacity('BIG PHARMAS', 'Université de Montreal, MIL Campus', 'Novavax COVID-19', 3);

-- repeat the logic up top in every INSERT INTO query in Shipment db
INSERT INTO Shipment (From_facility_storage, To_facility_storage, Vaccine_name, Number_of_vaccine_doses, Reception_date)
VALUES ('BIG PHARMAS', 'Clinique de Vaccination dAhuntsic', 'Janssen (Johnson & Johnson) COVID-19', 3, '2020-01-01');
CALL updateCapacity('BIG PHARMAS', 'Clinique de Vaccination dAhuntsic', 'Janssen (Johnson & Johnson) COVID-19', 3);

-- repeat the logic up top in every INSERT INTO query in Shipment db
INSERT INTO Shipment (From_facility_storage, To_facility_storage, Vaccine_name, Number_of_vaccine_doses, Reception_date)
VALUES ('BIG PHARMAS', 'Clinique de Vaccination de Montreal-Nord', 'Moderna COVID-19', 3, '2020-01-01');
CALL updateCapacity('BIG PHARMAS', 'Clinique de Vaccination de Montreal-Nord', 'Moderna COVID-19', 3);

-- repeat the logic up top in every INSERT INTO query in Shipment db
INSERT INTO Shipment (From_facility_storage, To_facility_storage, Vaccine_name, Number_of_vaccine_doses, Reception_date)
VALUES ('BIG PHARMAS', 'Clinique de Vaccination Christophe-Colomb', 'AstraZeneca/COVISHIELD COVID-19', 3, '2020-01-01');
CALL updateCapacity('BIG PHARMAS', 'Clinique de Vaccination Christophe-Colomb', 'AstraZeneca/COVISHIELD COVID-19', 3);

-- repeat the logic up top in every INSERT INTO query in Shipment db
INSERT INTO Shipment (From_facility_storage, To_facility_storage, Vaccine_name, Number_of_vaccine_doses, Reception_date)
VALUES ('BIG PHARMAS', 'Clinique de Vaccination de Saint-Laurent', 'AstraZeneca/COVISHIELD COVID-19', 3, '2020-01-01');
CALL updateCapacity('BIG PHARMAS', 'Clinique de Vaccination de Saint-Laurent', 'AstraZeneca/COVISHIELD COVID-19', 3);

-- repeat the logic up top in every INSERT INTO query in Shipment db
INSERT INTO Shipment (From_facility_storage, To_facility_storage, Vaccine_name, Number_of_vaccine_doses, Reception_date)
VALUES ('BIG PHARMAS', 'Centre de Vaccination CAE', 'Pendopharm COVID-19', 3, '2020-01-01');
CALL updateCapacity('BIG PHARMAS', 'Centre de Vaccination CAE', 'Pendopharm COVID-19', 3);

-- repeat the logic up top in every INSERT INTO query in Shipment db
INSERT INTO Shipment (From_facility_storage, To_facility_storage, Vaccine_name, Number_of_vaccine_doses, Reception_date)
VALUES ('BIG PHARMAS', 'Vaccination center Ottawa', 'Pfizer-BioNTech COVID-19', 3, '2020-01-01');
CALL updateCapacity('BIG PHARMAS', 'Vaccination center Ottawa', 'Pfizer-BioNTech COVID-19', 3);

-- repeat the logic up top in every INSERT INTO query in Shipment db
INSERT INTO Shipment (From_facility_storage, To_facility_storage, Vaccine_name, Number_of_vaccine_doses, Reception_date)
VALUES ('BIG PHARMAS', 'Vaccination center Winnipeg', 'Pfizer-BioNTech COVID-19', 3, '2020-01-01');
CALL updateCapacity('BIG PHARMAS', 'Vaccination center Winnipeg', 'Pfizer-BioNTech COVID-19', 3);

-- repeat the logic up top in every INSERT INTO query in Shipment db
INSERT INTO Shipment (From_facility_storage, To_facility_storage, Vaccine_name, Number_of_vaccine_doses, Reception_date)
VALUES ('BIG PHARMAS', 'Vaccination center Edmonton', 'Pendopharm COVID-19', 3, '2020-01-01');
CALL updateCapacity('BIG PHARMAS', 'Vaccination center Edmonton', 'Pendopharm COVID-19', 3);

-- repeat the logic up top in every INSERT INTO query in Shipment db
INSERT INTO Shipment (From_facility_storage, To_facility_storage, Vaccine_name, Number_of_vaccine_doses, Reception_date)
VALUES ('Stade Olympique/SAQ', 'Clinique de Vaccination dAhuntsic', 'Janssen (Johnson & Johnson) COVID-19', 3,
        '2021-01-01');
CALL updateCapacity('Stade Olympique/SAQ', 'Clinique de Vaccination dAhuntsic', 'Janssen (Johnson & Johnson) COVID-19',
                    3);

-- repeat the logic up top in every INSERT INTO query in Shipment db
INSERT INTO Shipment (From_facility_storage, To_facility_storage, Vaccine_name, Number_of_vaccine_doses, Reception_date)
VALUES ('Aréna Martin-Brodeur', 'Stade Olympique/SAQ', 'Pfizer-BioNTech COVID-19', 1, '2021-01-01');
CALL updateCapacity('Aréna Martin-Brodeur', 'Stade Olympique/SAQ', 'Pfizer-BioNTech COVID-19', 1);

-- repeat the logic up top in every INSERT INTO query in Shipment db
INSERT INTO Shipment (From_facility_storage, To_facility_storage, Vaccine_name, Number_of_vaccine_doses, Reception_date)
VALUES ('Aréna Martin-Brodeur', 'Vaccination center Ottawa', 'Pfizer-BioNTech COVID-19', 1, '2021-01-01');
CALL updateCapacity('Aréna Martin-Brodeur', 'Vaccination center Ottawa', 'Pfizer-BioNTech COVID-19', 1);

-- repeat the logic up top in every INSERT INTO query in Shipment db
INSERT INTO Shipment (From_facility_storage, To_facility_storage, Vaccine_name, Number_of_vaccine_doses, Reception_date)
VALUES ('Aréna Martin-Brodeur', 'Stade Olympique/SAQ', 'AstraZeneca/COVISHIELD COVID-19', 1, '2021-01-01');
CALL updateCapacity('Aréna Martin-Brodeur', 'Stade Olympique/SAQ', 'AstraZeneca/COVISHIELD COVID-19', 1);

-- repeat the logic up top in every INSERT INTO query in Shipment db
INSERT INTO Shipment (From_facility_storage, To_facility_storage, Vaccine_name, Number_of_vaccine_doses, Reception_date)
VALUES ('Aréna Martin-Brodeur', 'Clinique de Vaccination Christophe-Colomb', 'AstraZeneca/COVISHIELD COVID-19', 2,
        '2021-01-01');
CALL updateCapacity('Aréna Martin-Brodeur', 'Clinique de Vaccination Christophe-Colomb',
                    'AstraZeneca/COVISHIELD COVID-19', 2);

-- insert Employee Identification information
INSERT INTO Employee (EID, Medical_card_number)
VALUES ('EID1', 'med1'),
       ('EID2', 'med2'),
       ('EID3', 'med3'),
       ('EID4', 'med4'),
       ('EID5', 'med5'),
       ('EID6', 'med6'),
       ('EID7', 'med7'),
       ('EID8', 'med8'),
       ('EID9', 'med9'),
       ('EID10', 'med10'),
       ('EID11', 'med11'),
       ('EID12', 'med12'),
       ('EID13', 'med13'),
       ('EID14', 'med14'),
       ('EID15', 'med15'),
       ('EID16', 'med16'),
       ('EID17', 'med17'),
       ('EID18', 'med18'),
       ('EID19', 'med19'),
       ('EID20', 'med20'),
       ('EID21', 'med21'),
       ('EID22', 'med22'),
       ('EID23', 'med23'),
       ('EID24', 'med24'),
       ('EID25', 'med25'),
       ('EID26', 'med26'),
       ('EID27', 'med27');

INSERT INTO Manages (EID, Facility_name)
VALUES ('EID1', 'Stade Olympique/SAQ'),
       ('EID4', 'Aréna Martin-Brodeur'),
       ('EID7', 'Pôle de Vaccination Rivière-des-Prairies Transcontinental – Énergir'),
       ('EID10', 'Pôle de Vaccination Saint-Michel'),
       ('EID11', 'Aréna Bob Birnie'),
       ('EID12', 'Centre civique de Dollard-des-Ormeaux'),
       ('EID13', 'Centre sportif Dollard-St-Laurent'),
       ('EID14', 'Centre communautaire Gerry-Robertson'),
       ('EID15', 'Palais des congrès'),
       ('EID16', 'CLSC de la Visitation'),
       ('EID17', 'Site de Vaccination de Pointe-Saint-Charles'),
       ('EID18', 'Aréna Bill-Durnan'),
       ('EID19', 'Université de Montreal, MIL Campus'),
       ('EID20', 'Clinique de Vaccination dAhuntsic'),
       ('EID21', 'Clinique de Vaccination de Montreal-Nord'),
       ('EID22', 'Clinique de Vaccination Christophe-Colomb'),
       ('EID23', 'Clinique de Vaccination de Saint-Laurent'),
       ('EID24', 'Centre de Vaccination CAE'),
       ('EID25', 'Vaccination center Ottawa'),
       ('EID26', 'Vaccination center Winnipeg'),
       ('EID27', 'Vaccination center Edmonton');


INSERT INTO Employment (start_date_of_employment, end_date_of_employment, EID, Facility_name)
VALUES ('2000-01-01', '2022-01-01', 'EID1', 'Stade Olympique/SAQ'),
       ('2005-01-01', '2012-01-01', 'EID2', 'Vaccination center Edmonton'),
       ('2000-01-01', '2022-01-01', 'EID2', 'Stade Olympique/SAQ'),
       ('2010-01-03', '2022-01-01', 'EID2', 'Aréna Martin-Brodeur'),
       ('2011-01-01', '1922-01-01', 'EID3', 'Stade Olympique/SAQ'),
       ('2012-01-01', '2022-01-01', 'EID4', 'Aréna Martin-Brodeur'),
       ('2013-01-01', '2022-01-01', 'EID5', 'Aréna Martin-Brodeur'),
       ('2014-01-01', '2022-01-01', 'EID6', 'Aréna Martin-Brodeur'),
       ('2015-01-01', '2022-01-01', 'EID7', 'Pôle de Vaccination Rivière-des-Prairies Transcontinental – Énergir'),
       ('2016-01-01', '2022-01-01', 'EID8', 'Pôle de Vaccination Rivière-des-Prairies Transcontinental – Énergir'),
       ('2017-01-01', '2022-01-01', 'EID9', 'Pôle de Vaccination Rivière-des-Prairies Transcontinental – Énergir'),
       ('2013-01-01', '2022-01-01', 'EID10', 'Pôle de Vaccination Saint-Michel'),
       ('2014-01-01', '2022-01-01', 'EID11', 'Aréna Bob Birnie'),
       ('2015-01-01', '2022-01-01', 'EID12', 'Centre civique de Dollard-des-Ormeaux'),
       ('2016-01-01', '2022-01-01', 'EID13', 'Centre sportif Dollard-St-Laurent'),
       ('2017-01-01', '2022-01-01', 'EID14', 'Centre communautaire Gerry-Robertson'),
       ('2013-01-01', '2022-01-01', 'EID15', 'Palais des congrès'),
       ('2014-01-01', '2022-01-01', 'EID16', 'CLSC de la Visitation'),
       ('2015-01-01', '2022-01-01', 'EID17', 'Site de Vaccination de Pointe-Saint-Charles'),
       ('2016-01-01', '2022-01-01', 'EID18', 'Aréna Bill-Durnan'),
       ('2017-01-01', '2022-01-01', 'EID19', 'Université de Montreal, MIL Campus'),
       ('2013-01-01', '2022-01-01', 'EID20', 'Clinique de Vaccination dAhuntsic'),
       ('2014-01-01', '2022-01-01', 'EID21', 'Clinique de Vaccination de Montreal-Nord'),
       ('2015-01-01', '2022-01-01', 'EID22', 'Clinique de Vaccination Christophe-Colomb'),
       ('2016-01-01', '2022-01-01', 'EID23', 'Clinique de Vaccination de Saint-Laurent'),
       ('2017-01-01', '2022-01-01', 'EID24', 'Centre de Vaccination CAE'),
       ('2016-01-01', '2022-01-01', 'EID25', 'Vaccination center Ottawa'),
       ('2017-01-01', '2022-01-01', 'EID26', 'Vaccination center Winnipeg'),
       ('2017-01-01', '2022-01-01', 'EID27', 'Vaccination center Edmonton');

INSERT INTO Eligibility_Requirement(Province, GroupAgeID)
VALUES ('NL', 10),
       ('PE', 10),
       ('NS', 10),
       ('NB', 10),
       ('QC', 10),
       ('ON', 10),
       ('MB', 10),
       ('SK', 10),
       ('AB', 10),
       ('BC', 10),
       ('YT', 10),
       ('NT', 10),
       ('NU', 10);

-- insert Vaccination history
INSERT INTO Vaccination (Vaccine_name, Vaccination_date, Facility_name, Medical_card_number, Dose_number,
                         Vaccine_administrator_ID)
SELECT DISTINCT 'AstraZeneca/COVISHIELD COVID-19', '2021-1-12', 'Stade Olympique/SAQ', 'aKXWd7nRui', 1, 'EID2'
FROM Storage,
     Employment,
     Belongs_To,
     Age_Group,
     Eligibility_Requirement,
     Location,
     Located_At,
     Vaccination_Facility,
     Person
WHERE Storage.Facility_name = 'Stade Olympique/SAQ'
  AND Storage.Vaccine_name = 'AstraZeneca/COVISHIELD COVID-19'
  AND Storage.Capacity >= 1
  AND Employment.EID = 'EID2'
  AND '2021-1-12' >= start_date_of_employment
  AND '2021-1-12' <= end_date_of_employment
  AND Person.Medical_card_number = 'aKXWd7nRui'
  AND Belongs_To.Medical_card_number = Person.Medical_card_number
  AND Belongs_To.GroupAgeID = Age_Group.GroupAgeID
  AND Location.Province = Eligibility_Requirement.Province
  AND Located_At.Postal_code = Location.Postal_code
  AND Located_At.Address = Location.Address
  AND Located_At.Facility_name = 'Stade Olympique/SAQ'
  AND Vaccination_Facility.Name = Located_At.Facility_name
  AND Age_Group.GroupAgeID <= Eligibility_Requirement.GroupAgeID;

-- repeat the logic up top in every INSERT INTO query in Vaccination db
CALL updateCapacityAfterVaccination('AstraZeneca/COVISHIELD COVID-19', 'Stade Olympique/SAQ');
INSERT INTO Vaccination (Vaccine_name, Vaccination_date, Facility_name, Medical_card_number, Dose_number,
                         Vaccine_administrator_ID)
VALUES ('Moderna COVID-19', '2021-1-17', 'Aréna Bob Birnie', 'lG6Kxk_erZ', 1, 'EID11');
CALL updateCapacityAfterVaccination('Moderna COVID-19', 'Aréna Bob Birnie');

-- repeat the logic up top in every INSERT INTO query in Vaccination db
INSERT INTO Vaccination (Vaccine_name, Vaccination_date, Facility_name, Medical_card_number, Dose_number,
                         Vaccine_administrator_ID)
VALUES ('Moderna COVID-19', '2021-04-18', 'Aréna Martin-Brodeur', 'nYzRoXnPj9', 1, 'EID2');
CALL updateCapacityAfterVaccination('Moderna COVID-19', 'Aréna Martin-Brodeur');

-- repeat the logic up top in every INSERT INTO query in Vaccination db
INSERT INTO Vaccination (Vaccine_name, Vaccination_date, Facility_name, Medical_card_number, Dose_number,
                         Vaccine_administrator_ID)
VALUES ('Novavax COVID-19', '2021-1-23', 'Centre communautaire Gerry-Robertson', 'lM6_qT-lMW', 1, 'EID14');
CALL updateCapacityAfterVaccination('Novavax COVID-19', 'Centre communautaire Gerry-Robertson');

-- repeat the logic up top in every INSERT INTO query in Vaccination db
INSERT INTO Vaccination (Vaccine_name, Vaccination_date, Facility_name, Medical_card_number, Dose_number,
                         Vaccine_administrator_ID)
VALUES ('Pendopharm COVID-19', '2021-03-15', 'Centre de Vaccination CAE', 'wq_jxOx0DO', 1, 'EID24');
CALL updateCapacityAfterVaccination('Pendopharm COVID-19', 'Centre de Vaccination CAE');

-- repeat the logic up top in every INSERT INTO query in Vaccination db
INSERT INTO Vaccination (Vaccine_name, Vaccination_date, Facility_name, Medical_card_number, Dose_number,
                         Vaccine_administrator_ID)
VALUES ('Pfizer-BioNTech COVID-19', '2021-4-16', 'Stade Olympique/SAQ', 'RXxr2K8UMo', 1, 'EID2');
CALL updateCapacityAfterVaccination('Pfizer-BioNTech COVID-19', 'Stade Olympique/SAQ');

-- repeat the logic up top in every INSERT INTO query in Vaccination db
INSERT INTO Vaccination (Vaccine_name, Vaccination_date, Facility_name, Medical_card_number, Dose_number,
                         Vaccine_administrator_ID)
VALUES ('AstraZeneca/COVISHIELD COVID-19', '2021-5-30', 'Clinique de Vaccination Christophe-Colomb', 'aKXWd7nRui', 2,
        'EID22');
CALL updateCapacityAfterVaccination('AstraZeneca/COVISHIELD COVID-19', 'Clinique de Vaccination Christophe-Colomb');

-- repeat the logic up top in every INSERT INTO query in Vaccination db
INSERT INTO Vaccination (Vaccine_name, Vaccination_date, Facility_name, Medical_card_number, Dose_number,
                         Vaccine_administrator_ID)
VALUES ('Janssen (Johnson & Johnson) COVID-19', '2021-1-8', 'Clinique de Vaccination dAhuntsic', 'lG6Kxk_erZ', 2,
        'EID20');
CALL updateCapacityAfterVaccination('Janssen (Johnson & Johnson) COVID-19', 'Clinique de Vaccination dAhuntsic');

-- repeat the logic up top in every INSERT INTO query in Vaccination db
INSERT INTO Vaccination (Vaccine_name, Vaccination_date, Facility_name, Medical_card_number, Dose_number,
                         Vaccine_administrator_ID)
VALUES ('Moderna COVID-19', '2021-6-10', 'Clinique de Vaccination de Montreal-Nord', 'nYzRoXnPj9', 2, 'EID21');
CALL updateCapacityAfterVaccination('Moderna COVID-19', 'Clinique de Vaccination de Montreal-Nord');

-- repeat the logic up top in every INSERT INTO query in Vaccination db
INSERT INTO Vaccination (Vaccine_name, Vaccination_date, Facility_name, Medical_card_number, Dose_number,
                         Vaccine_administrator_ID)
VALUES ('Moderna COVID-19', '2021-1-23', 'Stade Olympique/SAQ', 'aKXWd7nRui', 3, 'EID3');
CALL updateCapacityAfterVaccination('Moderna COVID-19', 'Stade Olympique/SAQ');

-- repeat the logic up top in every INSERT INTO query in Vaccination db
INSERT INTO Vaccination (Vaccine_name, Vaccination_date, Facility_name, Medical_card_number, Dose_number,
                         Vaccine_administrator_ID)
VALUES ('Pfizer-BioNTech COVID-19', '2022-1-1', 'Vaccination center Ottawa', 'opkfw0', 1, 'EID25');
CALL updateCapacityAfterVaccination('Pfizer-BioNTech COVID-19', 'Vaccination center Ottawa');

-- repeat the logic up top in every INSERT INTO query in Vaccination db
INSERT INTO Vaccination (Vaccine_name, Vaccination_date, Facility_name, Medical_card_number, Dose_number,
                         Vaccine_administrator_ID)
VALUES ('Pfizer-BioNTech COVID-19', '2021-12-21', 'Vaccination center Winnipeg', 'asef2123', 1, 'EID26');
CALL updateCapacityAfterVaccination('Pfizer-BioNTech COVID-19', 'Vaccination center Winnipeg');

-- repeat the logic up top in every INSERT INTO query in Vaccination db
INSERT INTO Vaccination (Vaccine_name, Vaccination_date, Facility_name, Medical_card_number, Dose_number,
                         Vaccine_administrator_ID)
VALUES ('Pendopharm COVID-19', '2022-2-5', 'Vaccination center Edmonton', 'mcvwen023', 1, 'EID27');
CALL updateCapacityAfterVaccination('Pendopharm COVID-19', 'Vaccination center Edmonton');
